{"4.0": {"count": 25714, "revenue": 1982522889308138633102, "avg_revenue": 7.709896901719446e+16}, "3.0": {"count": 232904, "revenue": 29390471044825055168930, "avg_revenue": 1.2619135371150798e+17}, "5.0": {"count": 5885, "revenue": 284202509872872510295, "avg_revenue": 4.8292694965653784e+16}, "6.0": {"count": 1384, "revenue": 56656751801214181178, "avg_revenue": 4.093695939394088e+16}, "2.0": {"count": 23, "revenue": -28868954254709256906, "avg_revenue": -1.2551719241177938e+18}, "7.0": {"count": 96, "revenue": 4088279183400023213, "avg_revenue": 4.258624149375024e+16}, "8.0": {"count": 16, "revenue": 469115567242740864, "avg_revenue": 2.9319722952671304e+16}, "12.0": {"count": 1, "revenue": 12343615328327864, "avg_revenue": 1.2343615328327864e+16}, "11.0": {"count": 1, "revenue": 20789446535187699, "avg_revenue": 2.07894465351877e+16}, "10.0": {"count": 1, "revenue": 13103114763820752, "avg_revenue": 1.3103114763820752e+16}, "9.0": {"count": 1, "revenue": 16840557602098283, "avg_revenue": 1.6840557602098284e+16}}